<?xml version="1.0" encoding="UTF-8"?>
<!DOCTYPE mapper PUBLIC "-//mybatis.org//DTD Mapper 3.0//EN" "http://mybatis.org/dtd/mybatis-3-mapper.dtd">
<mapper namespace="OlopdorderMapper">
	
	
	<!-- 新增-->
	<insert id="save" parameterType="pd">
		insert into "OLO_PD_ORDER"(
			"STATE",	
			"SEALED",	
			"CREATE_TIME",	
			"USER_ID",	
			"CREATION_PEOPLE_ID",	
			"UPDATE_TIME",	
			"UPDATE_PEOPLE_ID",	
			"SPREAD1",	
			"SPREAD2",	
			"SPREAD3",	
			"SPREAD4",	
			"SPREAD5",	
			"ORDER_ID"
		) values (
					    	#{STATE,jdbcType=VARCHAR},
						    		#{SEALED,jdbcType=DOUBLE},
						 #{CREATE_TIME,jdbcType=TIMESTAMP},	
					    	#{USER_ID,jdbcType=VARCHAR},
					    	#{CREATION_PEOPLE_ID,jdbcType=VARCHAR},
						 #{UPDATE_TIME,jdbcType=TIMESTAMP},	
					    	#{UPDATE_PEOPLE_ID,jdbcType=VARCHAR},
					    	#{SPREAD1,jdbcType=VARCHAR},
					    	#{SPREAD2,jdbcType=VARCHAR},
					    	#{SPREAD3,jdbcType=VARCHAR},
					    	#{SPREAD4,jdbcType=VARCHAR},
					    	#{SPREAD5,jdbcType=VARCHAR},
			#{ORDER_ID}
		)
	</insert>
	
	
	<!-- 删除-->
	<delete id="delete" parameterType="pd">
		delete from "OLO_PD_ORDER"
		where 
			"ORDER_ID" = #{ORDER_ID}
	</delete>
	
	
	<!-- 修改 -->
	<update id="edit" parameterType="pd">
		update  "OLO_PD_ORDER"
			set 
			<if test="STATE != null">
				   
				   	
					    		"STATE" = #{STATE,jdbcType=VARCHAR},
				
			</if>
			<if test="SEALED != null">
				   
				   	
						    		"SEALED" = #{SEALED,jdbcType=DOUBLE} ,
				
			</if>
			<if test="CREATE_TIME != null">
					"CREATE_TIME" = #{CREATE_TIME,jdbcType=TIMESTAMP},	
				
			</if>
			<if test="USER_ID != null">
				   
				   	
					    		"USER_ID" = #{USER_ID,jdbcType=VARCHAR},
				
			</if>
			<if test="CREATION_PEOPLE_ID != null">
				   
				   	
					    		"CREATION_PEOPLE_ID" = #{CREATION_PEOPLE_ID,jdbcType=VARCHAR},
				
			</if>
			<if test="UPDATE_TIME != null">
					"UPDATE_TIME" = #{UPDATE_TIME,jdbcType=TIMESTAMP},	
				
			</if>
			<if test="UPDATE_PEOPLE_ID != null">
				   
				   	
					    		"UPDATE_PEOPLE_ID" = #{UPDATE_PEOPLE_ID,jdbcType=VARCHAR},
				
			</if>
			<if test="SPREAD1 != null">
				   
				   	
					    		"SPREAD1" = #{SPREAD1,jdbcType=VARCHAR},
				
			</if>
			<if test="SPREAD2 != null">
				   
				   	
					    		"SPREAD2" = #{SPREAD2,jdbcType=VARCHAR},
				
			</if>
			<if test="SPREAD3 != null">
				   
				   	
					    		"SPREAD3" = #{SPREAD3,jdbcType=VARCHAR},
				
			</if>
			<if test="SPREAD4 != null">
				   
				   	
					    		"SPREAD4" = #{SPREAD4,jdbcType=VARCHAR},
				
			</if>
			<if test="SPREAD5 != null">
				   
				   	
					    		"SPREAD5" = #{SPREAD5,jdbcType=VARCHAR},
				
			</if>
			"ORDER_ID" = #{ORDER_ID}
			where 
				"ORDER_ID" = #{ORDER_ID}
	</update>
	
	
	<!-- 通过ORDER_ID获取数据 -->
	<select id="findById" parameterType="pd" resultType="pd">
		select 
			"STATE",	
			"SEALED",	
			"CREATE_TIME",	
			"USER_ID",	
			"CREATION_PEOPLE_ID",	
			"UPDATE_TIME",	
			"UPDATE_PEOPLE_ID",	
			"SPREAD1",	
			"SPREAD2",	
			"SPREAD3",	
			"SPREAD4",	
			"SPREAD5",	
			"ORDER_ID"
		from 
			"OLO_PD_ORDER"
		where 
			"ORDER_ID" = #{ORDER_ID}
	</select>
	
	
	<!-- 列表 -->
	<select id="datalistPage" parameterType="page" resultType="pd">
		select
				a."STATE",	
				a."SEALED",	
				a."CREATE_TIME",	
				a."USER_ID",	
				a."CREATION_PEOPLE_ID",	
				a."UPDATE_TIME",	
				a."UPDATE_PEOPLE_ID",	
				a."SPREAD1",	
				a."SPREAD2",	
				a."SPREAD3",	
				a."SPREAD4",	
				a."SPREAD5",	
				a."ORDER_ID"
		from 
				"OLO_PD_ORDER" a
	</select>
	
	<!-- 列表(全部) -->
	<select id="listAll" parameterType="pd" resultType="pd">
		select
				a."STATE",	
				a."SEALED",	
				a."CREATE_TIME",	
				a."USER_ID",	
				a."CREATION_PEOPLE_ID",	
				a."UPDATE_TIME",	
				a."UPDATE_PEOPLE_ID",	
				a."SPREAD1",	
				a."SPREAD2",	
				a."SPREAD3",	
				a."SPREAD4",	
				a."SPREAD5",	
				a."ORDER_ID"
		from 
				"OLO_PD_ORDER" a
	</select>
	
	<!-- 批量删除 -->
	<delete id="deleteAll" parameterType="String">
		delete from "OLO_PD_ORDER"
		where 
			"ORDER_ID" in
		<foreach item="item" index="index" collection="array" open="(" separator="," close=")">
                 #{item}
		</foreach>
	</delete>
	
</mapper>